location,run_id,mean_rssi,min_rssi,max_rssi,std_rssi,sample_count,detection_rate
Bedroom,run_01,-34.86046511627907,-54,-32,2.975044401834442,86,1.0
Bedroom,run_02,-41.116279069767444,-52,-32,5.294655695412927,86,1.0
Bedroom,run_03,-40.58139534883721,-50,-34,3.6988555186358414,86,1.0
