rank,location,mean_rssi,std_rssi,recommendation
1,Bedroom,-38.85271317829457,3.9895185386277365,Optimal
2,Living_Room,-57.10852713178295,2.0325157136754504,Acceptable
3,Kitchen,-66.3414479350832,1.9201827227985397,Acceptable
4,Master_Bedroom,-66.43638850889194,2.5093464730871764,Poor
5,Upstairs_Hallway,-70.27131782945736,1.0041669607337493,Poor
6,Spare_Room,-71.6712431119828,3.1622654528142626,Poor
