location,run_id,mean_rssi,min_rssi,max_rssi,std_rssi,sample_count,detection_rate
Master_Bedroom,run_01,-67.72093023255815,-75.0,-61.0,2.9411928864111045,86,1.0
Master_Bedroom,run_02,-66.16470588235295,-72.0,-60.0,2.092202409990427,85,0.9883720930232558
Master_Bedroom,run_03,-65.4235294117647,-76.0,-62.0,2.494644122859998,85,0.9883720930232558
